file_path,alpha,beta,k,measurement,runtime,score
data/inst_tuning/heur059_n_300_m_7867.txt,.60,.60,3,1,9.520119190216064,48834
data/inst_tuning/heur059_n_300_m_7867.txt,.60,.60,6,1,0.9767129421234131,35075
data/inst_tuning/heur059_n_300_m_7867.txt,.60,.60,15,1,0.3185279369354248,25333
data/inst_tuning/heur059_n_300_m_7867.txt,.60,.60,30,1,0.39649105072021484,23444
data/inst_tuning/heur059_n_300_m_7867.txt,.60,.80,3,1,10.00899600982666,50123
data/inst_tuning/heur059_n_300_m_7867.txt,.60,.80,6,1,1.1617720127105713,35258
data/inst_tuning/heur059_n_300_m_7867.txt,.60,.80,15,1,0.3541738986968994,26731
data/inst_tuning/heur059_n_300_m_7867.txt,.60,.80,30,1,0.46910691261291504,24219
data/inst_tuning/heur059_n_300_m_7867.txt,.60,1.00,3,1,11.409975051879883,45557
data/inst_tuning/heur059_n_300_m_7867.txt,.60,1.00,6,1,1.9824659824371338,33582
data/inst_tuning/heur059_n_300_m_7867.txt,.60,1.00,15,1,0.4172489643096924,25857
data/inst_tuning/heur059_n_300_m_7867.txt,.60,1.00,30,1,0.33065295219421387,22031
data/inst_tuning/heur059_n_300_m_7867.txt,.80,.60,3,1,10.412200212478638,49055
data/inst_tuning/heur059_n_300_m_7867.txt,.80,.60,6,1,1.134990930557251,34912
data/inst_tuning/heur059_n_300_m_7867.txt,.80,.60,15,1,0.3960549831390381,26337
data/inst_tuning/heur059_n_300_m_7867.txt,.80,.60,30,1,0.4587697982788086,22886
data/inst_tuning/heur059_n_300_m_7867.txt,.80,.80,3,1,9.02671217918396,48831
data/inst_tuning/heur059_n_300_m_7867.txt,.80,.80,6,1,0.9320120811462402,34185
data/inst_tuning/heur059_n_300_m_7867.txt,.80,.80,15,1,0.3880009651184082,26599
data/inst_tuning/heur059_n_300_m_7867.txt,.80,.80,30,1,0.4642348289489746,24225
data/inst_tuning/heur059_n_300_m_7867.txt,.80,1.00,3,1,16.15672492980957,47831
data/inst_tuning/heur059_n_300_m_7867.txt,.80,1.00,6,1,2.691967010498047,33874
data/inst_tuning/heur059_n_300_m_7867.txt,.80,1.00,15,1,1.2937798500061035,27914
data/inst_tuning/heur059_n_300_m_7867.txt,.80,1.00,30,1,0.5110349655151367,23940
data/inst_tuning/heur059_n_300_m_7867.txt,1.00,.60,3,1,8.758384943008423,49294
data/inst_tuning/heur059_n_300_m_7867.txt,1.00,.60,6,1,0.9663901329040527,35333
data/inst_tuning/heur059_n_300_m_7867.txt,1.00,.60,15,1,0.4140968322753906,27509
data/inst_tuning/heur059_n_300_m_7867.txt,1.00,.60,30,1,0.46835827827453613,24434
data/inst_tuning/heur059_n_300_m_7867.txt,1.00,.80,3,1,8.637190103530884,48481
data/inst_tuning/heur059_n_300_m_7867.txt,1.00,.80,6,1,1.2488059997558594,35741
data/inst_tuning/heur059_n_300_m_7867.txt,1.00,.80,15,1,0.41133904457092285,27048
data/inst_tuning/heur059_n_300_m_7867.txt,1.00,.80,30,1,0.4889030456542969,23622
data/inst_tuning/heur059_n_300_m_7867.txt,1.00,1.00,3,1,20.42106008529663,47160
data/inst_tuning/heur059_n_300_m_7867.txt,1.00,1.00,6,1,6.3181538581848145,37176
data/inst_tuning/heur059_n_300_m_7867.txt,1.00,1.00,15,1,1.7063379287719727,28693
data/inst_tuning/heur059_n_300_m_7867.txt,1.00,1.00,30,1,0.8213119506835938,24604
data/inst_tuning/heur054_n_300_m_2746.txt,.60,.60,3,1,12.357614755630493,46044
data/inst_tuning/heur054_n_300_m_2746.txt,.60,.60,6,1,1.210726022720337,25988
data/inst_tuning/heur054_n_300_m_2746.txt,.60,.60,15,1,0.3519418239593506,14180
data/inst_tuning/heur054_n_300_m_2746.txt,.60,.60,30,1,0.42455482482910156,10811
data/inst_tuning/heur054_n_300_m_2746.txt,.60,.80,3,1,11.358341217041016,45851
data/inst_tuning/heur054_n_300_m_2746.txt,.60,.80,6,1,1.1371581554412842,26472
data/inst_tuning/heur054_n_300_m_2746.txt,.60,.80,15,1,0.3680260181427002,15038
data/inst_tuning/heur054_n_300_m_2746.txt,.60,.80,30,1,0.46015310287475586,10793
data/inst_tuning/heur054_n_300_m_2746.txt,.60,1.00,3,1,19.41222095489502,42420
data/inst_tuning/heur054_n_300_m_2746.txt,.60,1.00,6,1,1.585641860961914,20465
data/inst_tuning/heur054_n_300_m_2746.txt,.60,1.00,15,1,0.4537370204925537,13870
data/inst_tuning/heur054_n_300_m_2746.txt,.60,1.00,30,1,0.3395569324493408,7901
data/inst_tuning/heur054_n_300_m_2746.txt,.80,.60,3,1,11.851279020309448,46001
data/inst_tuning/heur054_n_300_m_2746.txt,.80,.60,6,1,1.2481279373168945,26987
data/inst_tuning/heur054_n_300_m_2746.txt,.80,.60,15,1,0.34990978240966797,13818
data/inst_tuning/heur054_n_300_m_2746.txt,.80,.60,30,1,0.41007375717163086,10350
data/inst_tuning/heur054_n_300_m_2746.txt,.80,.80,3,1,12.51190996170044,45698
data/inst_tuning/heur054_n_300_m_2746.txt,.80,.80,6,1,1.2691199779510498,27130
data/inst_tuning/heur054_n_300_m_2746.txt,.80,.80,15,1,0.33674001693725586,13278
data/inst_tuning/heur054_n_300_m_2746.txt,.80,.80,30,1,0.4645121097564697,10917
data/inst_tuning/heur054_n_300_m_2746.txt,.80,1.00,3,1,17.510948181152344,46273
data/inst_tuning/heur054_n_300_m_2746.txt,.80,1.00,6,1,1.7522380352020264,21226
data/inst_tuning/heur054_n_300_m_2746.txt,.80,1.00,15,1,0.8737461566925049,14606
data/inst_tuning/heur054_n_300_m_2746.txt,.80,1.00,30,1,0.29650402069091797,7989
data/inst_tuning/heur054_n_300_m_2746.txt,1.00,.60,3,1,13.444159269332886,46024
data/inst_tuning/heur054_n_300_m_2746.txt,1.00,.60,6,1,1.3154480457305908,26334
data/inst_tuning/heur054_n_300_m_2746.txt,1.00,.60,15,1,0.3474299907684326,14505
data/inst_tuning/heur054_n_300_m_2746.txt,1.00,.60,30,1,0.4231727123260498,10623
data/inst_tuning/heur054_n_300_m_2746.txt,1.00,.80,3,1,14.50218915939331,46761
data/inst_tuning/heur054_n_300_m_2746.txt,1.00,.80,6,1,2.3632397651672363,27578
data/inst_tuning/heur054_n_300_m_2746.txt,1.00,.80,15,1,0.5634100437164307,15060
data/inst_tuning/heur054_n_300_m_2746.txt,1.00,.80,30,1,0.4961249828338623,9566
data/inst_tuning/heur054_n_300_m_2746.txt,1.00,1.00,3,1,18.855875968933105,41460
data/inst_tuning/heur054_n_300_m_2746.txt,1.00,1.00,6,1,1.7795450687408447,19034
data/inst_tuning/heur054_n_300_m_2746.txt,1.00,1.00,15,1,0.6083760261535645,12351
data/inst_tuning/heur054_n_300_m_2746.txt,1.00,1.00,30,1,0.374392032623291,7140
data/inst_tuning/heur053_n_300_m_39861.txt,.60,.60,3,1,0.5639331340789795,81278
data/inst_tuning/heur053_n_300_m_39861.txt,.60,.60,6,1,0.5496420860290527,81897
data/inst_tuning/heur053_n_300_m_39861.txt,.60,.60,15,1,0.6076569557189941,80645
data/inst_tuning/heur053_n_300_m_39861.txt,.60,.60,30,1,0.5724270343780518,80702
data/inst_tuning/heur053_n_300_m_39861.txt,.60,.80,3,1,0.5550148487091064,81636
data/inst_tuning/heur053_n_300_m_39861.txt,.60,.80,6,1,0.39397096633911133,94888
data/inst_tuning/heur053_n_300_m_39861.txt,.60,.80,15,1,0.44298863410949707,94664
data/inst_tuning/heur053_n_300_m_39861.txt,.60,.80,30,1,0.4182610511779785,95143
data/inst_tuning/heur053_n_300_m_39861.txt,.60,1.00,3,1,0.5527949333190918,78002
data/inst_tuning/heur053_n_300_m_39861.txt,.60,1.00,6,1,0.8101191520690918,64208
data/inst_tuning/heur053_n_300_m_39861.txt,.60,1.00,15,1,0.6429188251495361,75503
data/inst_tuning/heur053_n_300_m_39861.txt,.60,1.00,30,1,0.4859640598297119,78060
data/inst_tuning/heur053_n_300_m_39861.txt,.80,.60,3,1,0.6196811199188232,81833
data/inst_tuning/heur053_n_300_m_39861.txt,.80,.60,6,1,0.5751388072967529,82090
data/inst_tuning/heur053_n_300_m_39861.txt,.80,.60,15,1,0.598675012588501,81822
data/inst_tuning/heur053_n_300_m_39861.txt,.80,.60,30,1,0.4692952632904053,89293
data/inst_tuning/heur053_n_300_m_39861.txt,.80,.80,3,1,0.5599892139434814,81939
data/inst_tuning/heur053_n_300_m_39861.txt,.80,.80,6,1,0.4565727710723877,89843
data/inst_tuning/heur053_n_300_m_39861.txt,.80,.80,15,1,1.25400710105896,64498
data/inst_tuning/heur053_n_300_m_39861.txt,.80,.80,30,1,0.4929971694946289,88914
data/inst_tuning/heur053_n_300_m_39861.txt,.80,1.00,3,1,0.5873680114746094,74443
data/inst_tuning/heur053_n_300_m_39861.txt,.80,1.00,6,1,0.53997802734375,74756
data/inst_tuning/heur053_n_300_m_39861.txt,.80,1.00,15,1,0.3932201862335205,86267
data/inst_tuning/heur053_n_300_m_39861.txt,.80,1.00,30,1,0.5196001529693604,70328
data/inst_tuning/heur053_n_300_m_39861.txt,1.00,.60,3,1,0.6342809200286865,81206
data/inst_tuning/heur053_n_300_m_39861.txt,1.00,.60,6,1,0.44243526458740234,90238
data/inst_tuning/heur053_n_300_m_39861.txt,1.00,.60,15,1,0.48283863067626953,90081
data/inst_tuning/heur053_n_300_m_39861.txt,1.00,.60,30,1,0.46674108505249023,90013
data/inst_tuning/heur053_n_300_m_39861.txt,1.00,.80,3,1,0.5909202098846436,81115
data/inst_tuning/heur053_n_300_m_39861.txt,1.00,.80,6,1,0.5280330181121826,90040
data/inst_tuning/heur053_n_300_m_39861.txt,1.00,.80,15,1,0.5731549263000488,90562
data/inst_tuning/heur053_n_300_m_39861.txt,1.00,.80,30,1,0.4689910411834717,90472
data/inst_tuning/heur053_n_300_m_39861.txt,1.00,1.00,3,1,0.6092221736907959,69469
data/inst_tuning/heur053_n_300_m_39861.txt,1.00,1.00,6,1,0.3997020721435547,74998
data/inst_tuning/heur053_n_300_m_39861.txt,1.00,1.00,15,1,0.41699719429016113,74998
data/inst_tuning/heur053_n_300_m_39861.txt,1.00,1.00,30,1,0.3937978744506836,74998
data/inst_tuning/heur052_n_300_m_26628.txt,.60,.60,3,1,2.4704623222351074,67237
data/inst_tuning/heur052_n_300_m_26628.txt,.60,.60,6,1,0.7674558162689209,69760
data/inst_tuning/heur052_n_300_m_26628.txt,.60,.60,15,1,1.1101908683776855,69590
data/inst_tuning/heur052_n_300_m_26628.txt,.60,.60,30,1,0.6312887668609619,71996
data/inst_tuning/heur052_n_300_m_26628.txt,.60,.80,3,1,2.4226930141448975,67138
data/inst_tuning/heur052_n_300_m_26628.txt,.60,.80,6,1,0.6770260334014893,70181
data/inst_tuning/heur052_n_300_m_26628.txt,.60,.80,15,1,0.7418880462646484,70539
data/inst_tuning/heur052_n_300_m_26628.txt,.60,.80,30,1,0.7161579132080078,70821
data/inst_tuning/heur052_n_300_m_26628.txt,.60,1.00,3,1,2.1577718257904053,61474
data/inst_tuning/heur052_n_300_m_26628.txt,.60,1.00,6,1,0.4582500457763672,64701
data/inst_tuning/heur052_n_300_m_26628.txt,.60,1.00,15,1,1.346909999847412,57948
data/inst_tuning/heur052_n_300_m_26628.txt,.60,1.00,30,1,0.9008288383483887,59863
data/inst_tuning/heur052_n_300_m_26628.txt,.80,.60,3,1,2.575366258621216,66660
data/inst_tuning/heur052_n_300_m_26628.txt,.80,.60,6,1,0.540093183517456,71152
data/inst_tuning/heur052_n_300_m_26628.txt,.80,.60,15,1,1.216200351715088,69120
data/inst_tuning/heur052_n_300_m_26628.txt,.80,.60,30,1,0.6623539924621582,70905
data/inst_tuning/heur052_n_300_m_26628.txt,.80,.80,3,1,3.2019379138946533,67265
data/inst_tuning/heur052_n_300_m_26628.txt,.80,.80,6,1,0.7246570587158203,71190
data/inst_tuning/heur052_n_300_m_26628.txt,.80,.80,15,1,0.6403110027313232,70591
data/inst_tuning/heur052_n_300_m_26628.txt,.80,.80,30,1,1.2018671035766602,69418
data/inst_tuning/heur052_n_300_m_26628.txt,.80,1.00,3,1,2.552027940750122,60195
data/inst_tuning/heur052_n_300_m_26628.txt,.80,1.00,6,1,0.6684331893920898,62089
data/inst_tuning/heur052_n_300_m_26628.txt,.80,1.00,15,1,1.0324211120605469,61053
data/inst_tuning/heur052_n_300_m_26628.txt,.80,1.00,30,1,2.342237949371338,60314
data/inst_tuning/heur052_n_300_m_26628.txt,1.00,.60,3,1,3.085909128189087,67504
data/inst_tuning/heur052_n_300_m_26628.txt,1.00,.60,6,1,1.084169864654541,69182
data/inst_tuning/heur052_n_300_m_26628.txt,1.00,.60,15,1,1.1340069770812988,69008
data/inst_tuning/heur052_n_300_m_26628.txt,1.00,.60,30,1,1.1468749046325684,69682
data/inst_tuning/heur052_n_300_m_26628.txt,1.00,.80,3,1,2.4201948642730713,66566
data/inst_tuning/heur052_n_300_m_26628.txt,1.00,.80,6,1,1.0664730072021484,69265
data/inst_tuning/heur052_n_300_m_26628.txt,1.00,.80,15,1,1.1165976524353027,69364
data/inst_tuning/heur052_n_300_m_26628.txt,1.00,.80,30,1,1.2472190856933594,69123
data/inst_tuning/heur052_n_300_m_26628.txt,1.00,1.00,3,1,3.0554869174957275,61635
data/inst_tuning/heur052_n_300_m_26628.txt,1.00,1.00,6,1,1.38081693649292,62518
data/inst_tuning/heur052_n_300_m_26628.txt,1.00,1.00,15,1,1.3663887977600098,62518
data/inst_tuning/heur052_n_300_m_26628.txt,1.00,1.00,30,1,1.3846549987792969,62518
data/inst_tuning/heur040_n_300_m_13358.txt,.60,.60,3,1,6.436697959899902,55182
data/inst_tuning/heur040_n_300_m_13358.txt,.60,.60,6,1,0.8356809616088867,45428
data/inst_tuning/heur040_n_300_m_13358.txt,.60,.60,15,1,0.3712167739868164,40565
data/inst_tuning/heur040_n_300_m_13358.txt,.60,.60,30,1,0.43083691596984863,39163
data/inst_tuning/heur040_n_300_m_13358.txt,.60,.80,3,1,6.677704811096191,54694
data/inst_tuning/heur040_n_300_m_13358.txt,.60,.80,6,1,0.7799460887908936,45204
data/inst_tuning/heur040_n_300_m_13358.txt,.60,.80,15,1,0.39562511444091797,40946
data/inst_tuning/heur040_n_300_m_13358.txt,.60,.80,30,1,0.44477391242980957,39511
data/inst_tuning/heur040_n_300_m_13358.txt,.60,1.00,3,1,8.997120141983032,55486
data/inst_tuning/heur040_n_300_m_13358.txt,.60,1.00,6,1,5.656866073608398,38990
data/inst_tuning/heur040_n_300_m_13358.txt,.60,1.00,15,1,0.28572583198547363,33115
data/inst_tuning/heur040_n_300_m_13358.txt,.60,1.00,30,1,1.2080318927764893,13859
data/inst_tuning/heur040_n_300_m_13358.txt,.80,.60,3,1,8.493008852005005,54924
data/inst_tuning/heur040_n_300_m_13358.txt,.80,.60,6,1,1.050138235092163,46096
data/inst_tuning/heur040_n_300_m_13358.txt,.80,.60,15,1,0.4243619441986084,41158
data/inst_tuning/heur040_n_300_m_13358.txt,.80,.60,30,1,0.4248499870300293,39852
data/inst_tuning/heur040_n_300_m_13358.txt,.80,.80,3,1,7.287142038345337,54632
data/inst_tuning/heur040_n_300_m_13358.txt,.80,.80,6,1,0.8116500377655029,46444
data/inst_tuning/heur040_n_300_m_13358.txt,.80,.80,15,1,0.41815805435180664,40948
data/inst_tuning/heur040_n_300_m_13358.txt,.80,.80,30,1,0.4620230197906494,39429
data/inst_tuning/heur040_n_300_m_13358.txt,.80,1.00,3,1,20.621828079223633,41918
data/inst_tuning/heur040_n_300_m_13358.txt,.80,1.00,6,1,1.7581932544708252,39259
data/inst_tuning/heur040_n_300_m_13358.txt,.80,1.00,15,1,1.246603012084961,17747
data/inst_tuning/heur040_n_300_m_13358.txt,.80,1.00,30,1,0.3261587619781494,30994
data/inst_tuning/heur040_n_300_m_13358.txt,1.00,.60,3,1,7.479814052581787,55161
data/inst_tuning/heur040_n_300_m_13358.txt,1.00,.60,6,1,0.8693149089813232,46127
data/inst_tuning/heur040_n_300_m_13358.txt,1.00,.60,15,1,0.4151618480682373,41029
data/inst_tuning/heur040_n_300_m_13358.txt,1.00,.60,30,1,0.4458308219909668,40032
data/inst_tuning/heur040_n_300_m_13358.txt,1.00,.80,3,1,6.872503995895386,54196
data/inst_tuning/heur040_n_300_m_13358.txt,1.00,.80,6,1,0.9461710453033447,46183
data/inst_tuning/heur040_n_300_m_13358.txt,1.00,.80,15,1,0.4105067253112793,40717
data/inst_tuning/heur040_n_300_m_13358.txt,1.00,.80,30,1,0.4409506320953369,40090
data/inst_tuning/heur040_n_300_m_13358.txt,1.00,1.00,3,1,17.187833070755005,35219
data/inst_tuning/heur040_n_300_m_13358.txt,1.00,1.00,6,1,1.8243043422698975,25290
data/inst_tuning/heur040_n_300_m_13358.txt,1.00,1.00,15,1,0.6530189514160156,23980
data/inst_tuning/heur040_n_300_m_13358.txt,1.00,1.00,30,1,0.5680441856384277,23398
data/inst_tuning/heur047_n_300_m_20096.txt,.60,.60,3,1,4.913527965545654,61272
data/inst_tuning/heur047_n_300_m_20096.txt,.60,.60,6,1,0.7280409336090088,59084
data/inst_tuning/heur047_n_300_m_20096.txt,.60,.60,15,1,0.42067384719848633,58189
data/inst_tuning/heur047_n_300_m_20096.txt,.60,.60,30,1,0.47040510177612305,57479
data/inst_tuning/heur047_n_300_m_20096.txt,.60,.80,3,1,6.030128002166748,61332
data/inst_tuning/heur047_n_300_m_20096.txt,.60,.80,6,1,0.9495420455932617,59805
data/inst_tuning/heur047_n_300_m_20096.txt,.60,.80,15,1,0.4205350875854492,57705
data/inst_tuning/heur047_n_300_m_20096.txt,.60,.80,30,1,0.5257737636566162,57520
data/inst_tuning/heur047_n_300_m_20096.txt,.60,1.00,3,1,5.850835084915161,57482
data/inst_tuning/heur047_n_300_m_20096.txt,.60,1.00,6,1,0.8773908615112305,54657
data/inst_tuning/heur047_n_300_m_20096.txt,.60,1.00,15,1,0.4936487674713135,56532
data/inst_tuning/heur047_n_300_m_20096.txt,.60,1.00,30,1,0.3672492504119873,53408
data/inst_tuning/heur047_n_300_m_20096.txt,.80,.60,3,1,4.4668519496917725,61488
data/inst_tuning/heur047_n_300_m_20096.txt,.80,.60,6,1,0.6696429252624512,59146
data/inst_tuning/heur047_n_300_m_20096.txt,.80,.60,15,1,0.4380621910095215,57911
data/inst_tuning/heur047_n_300_m_20096.txt,.80,.60,30,1,0.5152239799499512,57185
data/inst_tuning/heur047_n_300_m_20096.txt,.80,.80,3,1,4.490734815597534,61837
data/inst_tuning/heur047_n_300_m_20096.txt,.80,.80,6,1,0.7033939361572266,59395
data/inst_tuning/heur047_n_300_m_20096.txt,.80,.80,15,1,0.4376652240753174,58040
data/inst_tuning/heur047_n_300_m_20096.txt,.80,.80,30,1,0.5143139362335205,57449
data/inst_tuning/heur047_n_300_m_20096.txt,.80,1.00,3,1,5.819054841995239,59774
data/inst_tuning/heur047_n_300_m_20096.txt,.80,1.00,6,1,1.3870749473571777,57610
data/inst_tuning/heur047_n_300_m_20096.txt,.80,1.00,15,1,0.4341397285461426,53264
data/inst_tuning/heur047_n_300_m_20096.txt,.80,1.00,30,1,0.4072129726409912,52015
data/inst_tuning/heur047_n_300_m_20096.txt,1.00,.60,3,1,4.703365802764893,62133
data/inst_tuning/heur047_n_300_m_20096.txt,1.00,.60,6,1,0.7260596752166748,59306
data/inst_tuning/heur047_n_300_m_20096.txt,1.00,.60,15,1,0.41277170181274414,58171
data/inst_tuning/heur047_n_300_m_20096.txt,1.00,.60,30,1,0.4899251461029053,57172
data/inst_tuning/heur047_n_300_m_20096.txt,1.00,.80,3,1,4.368498802185059,61712
data/inst_tuning/heur047_n_300_m_20096.txt,1.00,.80,6,1,0.7006809711456299,59406
data/inst_tuning/heur047_n_300_m_20096.txt,1.00,.80,15,1,0.41304779052734375,57338
data/inst_tuning/heur047_n_300_m_20096.txt,1.00,.80,30,1,0.4762270450592041,57481
data/inst_tuning/heur047_n_300_m_20096.txt,1.00,1.00,3,1,7.401186943054199,56902
data/inst_tuning/heur047_n_300_m_20096.txt,1.00,1.00,6,1,1.2995591163635254,55236
data/inst_tuning/heur047_n_300_m_20096.txt,1.00,1.00,15,1,0.6407670974731445,53258
data/inst_tuning/heur047_n_300_m_20096.txt,1.00,1.00,30,1,0.4564371109008789,50488
data/inst_tuning/heur048_n_300_m_14666.txt,.60,.60,3,1,6.223529815673828,57490
data/inst_tuning/heur048_n_300_m_14666.txt,.60,.60,6,1,0.887516975402832,49587
data/inst_tuning/heur048_n_300_m_14666.txt,.60,.60,15,1,0.40001392364501953,44516
data/inst_tuning/heur048_n_300_m_14666.txt,.60,.60,30,1,0.4048190116882324,44557
data/inst_tuning/heur048_n_300_m_14666.txt,.60,.80,3,1,6.656421184539795,57287
data/inst_tuning/heur048_n_300_m_14666.txt,.60,.80,6,1,0.7544159889221191,48370
data/inst_tuning/heur048_n_300_m_14666.txt,.60,.80,15,1,0.5561590194702148,47239
data/inst_tuning/heur048_n_300_m_14666.txt,.60,.80,30,1,0.4858438968658447,47322
data/inst_tuning/heur048_n_300_m_14666.txt,.60,1.00,3,1,8.457492351531982,53738
data/inst_tuning/heur048_n_300_m_14666.txt,.60,1.00,6,1,0.9199209213256836,44623
data/inst_tuning/heur048_n_300_m_14666.txt,.60,1.00,15,1,0.30880117416381836,42031
data/inst_tuning/heur048_n_300_m_14666.txt,.60,1.00,30,1,0.47676682472229004,43638
data/inst_tuning/heur048_n_300_m_14666.txt,.80,.60,3,1,8.794879913330078,57434
data/inst_tuning/heur048_n_300_m_14666.txt,.80,.60,6,1,0.9958803653717041,49002
data/inst_tuning/heur048_n_300_m_14666.txt,.80,.60,15,1,0.5012118816375732,45668
data/inst_tuning/heur048_n_300_m_14666.txt,.80,.60,30,1,0.538017988204956,45914
data/inst_tuning/heur048_n_300_m_14666.txt,.80,.80,3,1,6.637150049209595,57305
data/inst_tuning/heur048_n_300_m_14666.txt,.80,.80,6,1,0.9058160781860352,49688
data/inst_tuning/heur048_n_300_m_14666.txt,.80,.80,15,1,0.6258046627044678,47653
data/inst_tuning/heur048_n_300_m_14666.txt,.80,.80,30,1,0.4542419910430908,46261
data/inst_tuning/heur048_n_300_m_14666.txt,.80,1.00,3,1,12.818258047103882,53753
data/inst_tuning/heur048_n_300_m_14666.txt,.80,1.00,6,1,1.2256639003753662,45718
data/inst_tuning/heur048_n_300_m_14666.txt,.80,1.00,15,1,0.41378283500671387,43621
data/inst_tuning/heur048_n_300_m_14666.txt,.80,1.00,30,1,0.5873699188232422,43148
data/inst_tuning/heur048_n_300_m_14666.txt,1.00,.60,3,1,7.3092992305755615,57609
data/inst_tuning/heur048_n_300_m_14666.txt,1.00,.60,6,1,0.8651998043060303,49089
data/inst_tuning/heur048_n_300_m_14666.txt,1.00,.60,15,1,0.44405102729797363,45645
data/inst_tuning/heur048_n_300_m_14666.txt,1.00,.60,30,1,0.5224089622497559,46058
data/inst_tuning/heur048_n_300_m_14666.txt,1.00,.80,3,1,6.9565818309783936,57750
data/inst_tuning/heur048_n_300_m_14666.txt,1.00,.80,6,1,0.8609938621520996,49401
data/inst_tuning/heur048_n_300_m_14666.txt,1.00,.80,15,1,0.4415919780731201,46225
data/inst_tuning/heur048_n_300_m_14666.txt,1.00,.80,30,1,0.4952821731567383,46687
data/inst_tuning/heur048_n_300_m_14666.txt,1.00,1.00,3,1,10.07350492477417,54120
data/inst_tuning/heur048_n_300_m_14666.txt,1.00,1.00,6,1,1.349045991897583,46202
data/inst_tuning/heur048_n_300_m_14666.txt,1.00,1.00,15,1,0.5455267429351807,43511
data/inst_tuning/heur048_n_300_m_14666.txt,1.00,1.00,30,1,0.5867640972137451,43511
data/inst_tuning/heur060_n_300_m_12405.txt,.60,.60,3,1,8.894542694091797,52927
data/inst_tuning/heur060_n_300_m_12405.txt,.60,.60,6,1,0.9735920429229736,43620
data/inst_tuning/heur060_n_300_m_12405.txt,.60,.60,15,1,0.4510970115661621,37858
data/inst_tuning/heur060_n_300_m_12405.txt,.60,.60,30,1,0.4516270160675049,35939
data/inst_tuning/heur060_n_300_m_12405.txt,.60,.80,3,1,7.690656900405884,52955
data/inst_tuning/heur060_n_300_m_12405.txt,.60,.80,6,1,0.8750510215759277,43223
data/inst_tuning/heur060_n_300_m_12405.txt,.60,.80,15,1,0.4273684024810791,37367
data/inst_tuning/heur060_n_300_m_12405.txt,.60,.80,30,1,0.6177921295166016,35877
data/inst_tuning/heur060_n_300_m_12405.txt,.60,1.00,3,1,15.648569107055664,51662
data/inst_tuning/heur060_n_300_m_12405.txt,.60,1.00,6,1,4.47554874420166,42516
data/inst_tuning/heur060_n_300_m_12405.txt,.60,1.00,15,1,0.41513991355895996,35878
data/inst_tuning/heur060_n_300_m_12405.txt,.60,1.00,30,1,0.34505486488342285,33561
data/inst_tuning/heur060_n_300_m_12405.txt,.80,.60,3,1,7.071291923522949,52894
data/inst_tuning/heur060_n_300_m_12405.txt,.80,.60,6,1,0.9832799434661865,43458
data/inst_tuning/heur060_n_300_m_12405.txt,.80,.60,15,1,0.3786911964416504,37041
data/inst_tuning/heur060_n_300_m_12405.txt,.80,.60,30,1,0.5589711666107178,35985
data/inst_tuning/heur060_n_300_m_12405.txt,.80,.80,3,1,8.626487731933594,52782
data/inst_tuning/heur060_n_300_m_12405.txt,.80,.80,6,1,0.9394800662994385,43365
data/inst_tuning/heur060_n_300_m_12405.txt,.80,.80,15,1,0.4387221336364746,38112
data/inst_tuning/heur060_n_300_m_12405.txt,.80,.80,30,1,0.5166089534759521,36229
data/inst_tuning/heur060_n_300_m_12405.txt,.80,1.00,3,1,16.66199016571045,52291
data/inst_tuning/heur060_n_300_m_12405.txt,.80,1.00,6,1,5.6903369426727295,44490
data/inst_tuning/heur060_n_300_m_12405.txt,.80,1.00,15,1,0.6284770965576172,35344
data/inst_tuning/heur060_n_300_m_12405.txt,.80,1.00,30,1,0.6256508827209473,34281
data/inst_tuning/heur060_n_300_m_12405.txt,1.00,.60,3,1,7.478662014007568,52911
data/inst_tuning/heur060_n_300_m_12405.txt,1.00,.60,6,1,0.8856010437011719,43860
data/inst_tuning/heur060_n_300_m_12405.txt,1.00,.60,15,1,0.4596579074859619,38247
data/inst_tuning/heur060_n_300_m_12405.txt,1.00,.60,30,1,0.44129061698913574,35496
data/inst_tuning/heur060_n_300_m_12405.txt,1.00,.80,3,1,7.101016044616699,52884
data/inst_tuning/heur060_n_300_m_12405.txt,1.00,.80,6,1,1.0160799026489258,43819
data/inst_tuning/heur060_n_300_m_12405.txt,1.00,.80,15,1,0.4338648319244385,38031
data/inst_tuning/heur060_n_300_m_12405.txt,1.00,.80,30,1,0.4782218933105469,36497
data/inst_tuning/heur060_n_300_m_12405.txt,1.00,1.00,3,1,37.5540087223053,56670
data/inst_tuning/heur060_n_300_m_12405.txt,1.00,1.00,6,1,9.831166982650757,46391
data/inst_tuning/heur060_n_300_m_12405.txt,1.00,1.00,15,1,2.2103419303894043,40523
data/inst_tuning/heur060_n_300_m_12405.txt,1.00,1.00,30,1,1.3560028076171875,37974
data/inst_tuning/heur045_n_300_m_6293.txt,.60,.60,3,1,11.166450023651123,47461
data/inst_tuning/heur045_n_300_m_6293.txt,.60,.60,6,1,1.3562290668487549,32562
data/inst_tuning/heur045_n_300_m_6293.txt,.60,.60,15,1,0.40161776542663574,22294
data/inst_tuning/heur045_n_300_m_6293.txt,.60,.60,30,1,0.4474911689758301,18469
data/inst_tuning/heur045_n_300_m_6293.txt,.60,.80,3,1,10.576250791549683,47610
data/inst_tuning/heur045_n_300_m_6293.txt,.60,.80,6,1,1.2091689109802246,31827
data/inst_tuning/heur045_n_300_m_6293.txt,.60,.80,15,1,0.42037391662597656,22594
data/inst_tuning/heur045_n_300_m_6293.txt,.60,.80,30,1,0.5052158832550049,19603
data/inst_tuning/heur045_n_300_m_6293.txt,.60,1.00,3,1,19.52081274986267,46279
data/inst_tuning/heur045_n_300_m_6293.txt,.60,1.00,6,1,4.700018882751465,32573
data/inst_tuning/heur045_n_300_m_6293.txt,.60,1.00,15,1,0.5382239818572998,22187
data/inst_tuning/heur045_n_300_m_6293.txt,.60,1.00,30,1,0.40923404693603516,18294
data/inst_tuning/heur045_n_300_m_6293.txt,.80,.60,3,1,12.28467583656311,47916
data/inst_tuning/heur045_n_300_m_6293.txt,.80,.60,6,1,1.150968074798584,32121
data/inst_tuning/heur045_n_300_m_6293.txt,.80,.60,15,1,0.4334871768951416,22140
data/inst_tuning/heur045_n_300_m_6293.txt,.80,.60,30,1,0.5487749576568604,17212
data/inst_tuning/heur045_n_300_m_6293.txt,.80,.80,3,1,11.100516080856323,48151
data/inst_tuning/heur045_n_300_m_6293.txt,.80,.80,6,1,1.3120331764221191,32088
data/inst_tuning/heur045_n_300_m_6293.txt,.80,.80,15,1,0.448261022567749,22453
data/inst_tuning/heur045_n_300_m_6293.txt,.80,.80,30,1,0.4744069576263428,19770
data/inst_tuning/heur045_n_300_m_6293.txt,.80,1.00,3,1,30.408478021621704,47116
data/inst_tuning/heur045_n_300_m_6293.txt,.80,1.00,6,1,3.7619500160217285,31625
data/inst_tuning/heur045_n_300_m_6293.txt,.80,1.00,15,1,1.4965310096740723,23890
data/inst_tuning/heur045_n_300_m_6293.txt,.80,1.00,30,1,0.613055944442749,20591
data/inst_tuning/heur045_n_300_m_6293.txt,1.00,.60,3,1,13.599229097366333,48018
data/inst_tuning/heur045_n_300_m_6293.txt,1.00,.60,6,1,1.1635551452636719,32080
data/inst_tuning/heur045_n_300_m_6293.txt,1.00,.60,15,1,0.3937950134277344,22083
data/inst_tuning/heur045_n_300_m_6293.txt,1.00,.60,30,1,0.5341472625732422,19645
data/inst_tuning/heur045_n_300_m_6293.txt,1.00,.80,3,1,14.63094186782837,48026
data/inst_tuning/heur045_n_300_m_6293.txt,1.00,.80,6,1,1.1825778484344482,32005
data/inst_tuning/heur045_n_300_m_6293.txt,1.00,.80,15,1,0.6406991481781006,22842
data/inst_tuning/heur045_n_300_m_6293.txt,1.00,.80,30,1,0.4911530017852783,19483
data/inst_tuning/heur045_n_300_m_6293.txt,1.00,1.00,3,1,24.32523202896118,47228
data/inst_tuning/heur045_n_300_m_6293.txt,1.00,1.00,6,1,9.013115167617798,35829
data/inst_tuning/heur045_n_300_m_6293.txt,1.00,1.00,15,1,3.6909849643707275,29668
data/inst_tuning/heur045_n_300_m_6293.txt,1.00,1.00,30,1,1.645576000213623,23268
data/inst_tuning/heur055_n_300_m_5164.txt,.60,.60,3,1,10.999497175216675,43992
data/inst_tuning/heur055_n_300_m_5164.txt,.60,.60,6,1,1.070479154586792,26145
data/inst_tuning/heur055_n_300_m_5164.txt,.60,.60,15,1,0.38541102409362793,17581
data/inst_tuning/heur055_n_300_m_5164.txt,.60,.60,30,1,0.5151171684265137,13769
data/inst_tuning/heur055_n_300_m_5164.txt,.60,.80,3,1,10.86747407913208,44068
data/inst_tuning/heur055_n_300_m_5164.txt,.60,.80,6,1,1.2975351810455322,28103
data/inst_tuning/heur055_n_300_m_5164.txt,.60,.80,15,1,0.397075891494751,18070
data/inst_tuning/heur055_n_300_m_5164.txt,.60,.80,30,1,0.4878957271575928,15650
data/inst_tuning/heur055_n_300_m_5164.txt,.60,1.00,3,1,17.040860176086426,36195
data/inst_tuning/heur055_n_300_m_5164.txt,.60,1.00,6,1,1.642195224761963,16313
data/inst_tuning/heur055_n_300_m_5164.txt,.60,1.00,15,1,0.2704010009765625,9742
data/inst_tuning/heur055_n_300_m_5164.txt,.60,1.00,30,1,0.3500337600708008,11197
data/inst_tuning/heur055_n_300_m_5164.txt,.80,.60,3,1,11.382723093032837,43374
data/inst_tuning/heur055_n_300_m_5164.txt,.80,.60,6,1,1.0727558135986328,26479
data/inst_tuning/heur055_n_300_m_5164.txt,.80,.60,15,1,0.3880302906036377,17555
data/inst_tuning/heur055_n_300_m_5164.txt,.80,.60,30,1,0.4549376964569092,14889
data/inst_tuning/heur055_n_300_m_5164.txt,.80,.80,3,1,11.10861086845398,44010
data/inst_tuning/heur055_n_300_m_5164.txt,.80,.80,6,1,1.3044936656951904,27524
data/inst_tuning/heur055_n_300_m_5164.txt,.80,.80,15,1,0.39084744453430176,17799
data/inst_tuning/heur055_n_300_m_5164.txt,.80,.80,30,1,0.5025973320007324,15575
data/inst_tuning/heur055_n_300_m_5164.txt,.80,1.00,3,1,22.569557905197144,40851
data/inst_tuning/heur055_n_300_m_5164.txt,.80,1.00,6,1,3.112962007522583,21008
data/inst_tuning/heur055_n_300_m_5164.txt,.80,1.00,15,1,0.34468507766723633,11850
data/inst_tuning/heur055_n_300_m_5164.txt,.80,1.00,30,1,0.3297550678253174,8901
data/inst_tuning/heur055_n_300_m_5164.txt,1.00,.60,3,1,12.732433795928955,43844
data/inst_tuning/heur055_n_300_m_5164.txt,1.00,.60,6,1,1.2587060928344727,26519
data/inst_tuning/heur055_n_300_m_5164.txt,1.00,.60,15,1,0.4008457660675049,16583
data/inst_tuning/heur055_n_300_m_5164.txt,1.00,.60,30,1,0.44782114028930664,13893
data/inst_tuning/heur055_n_300_m_5164.txt,1.00,.80,3,1,11.94558572769165,44410
data/inst_tuning/heur055_n_300_m_5164.txt,1.00,.80,6,1,1.3795068264007568,28149
data/inst_tuning/heur055_n_300_m_5164.txt,1.00,.80,15,1,0.37796807289123535,17961
data/inst_tuning/heur055_n_300_m_5164.txt,1.00,.80,30,1,0.438431978225708,14632
data/inst_tuning/heur055_n_300_m_5164.txt,1.00,1.00,3,1,11.692960977554321,36644
data/inst_tuning/heur055_n_300_m_5164.txt,1.00,1.00,6,1,1.3723859786987305,17091
data/inst_tuning/heur055_n_300_m_5164.txt,1.00,1.00,15,1,0.3093852996826172,10323
data/inst_tuning/heur055_n_300_m_5164.txt,1.00,1.00,30,1,0.3376588821411133,9206
data/inst_tuning/heur043_n_300_m_12914.txt,.60,.60,3,1,8.18699026107788,56451
data/inst_tuning/heur043_n_300_m_12914.txt,.60,.60,6,1,0.9048571586608887,46355
data/inst_tuning/heur043_n_300_m_12914.txt,.60,.60,15,1,0.4040110111236572,40680
data/inst_tuning/heur043_n_300_m_12914.txt,.60,.60,30,1,0.4605979919433594,39690
data/inst_tuning/heur043_n_300_m_12914.txt,.60,.80,3,1,9.187223196029663,56181
data/inst_tuning/heur043_n_300_m_12914.txt,.60,.80,6,1,1.0817649364471436,46147
data/inst_tuning/heur043_n_300_m_12914.txt,.60,.80,15,1,0.4651639461517334,41199
data/inst_tuning/heur043_n_300_m_12914.txt,.60,.80,30,1,0.5134849548339844,39803
data/inst_tuning/heur043_n_300_m_12914.txt,.60,1.00,3,1,11.85395097732544,49137
data/inst_tuning/heur043_n_300_m_12914.txt,.60,1.00,6,1,1.4005827903747559,38915
data/inst_tuning/heur043_n_300_m_12914.txt,.60,1.00,15,1,0.35332798957824707,34916
data/inst_tuning/heur043_n_300_m_12914.txt,.60,1.00,30,1,0.39940524101257324,32530
data/inst_tuning/heur043_n_300_m_12914.txt,.80,.60,3,1,7.403646945953369,55594
data/inst_tuning/heur043_n_300_m_12914.txt,.80,.60,6,1,1.0256562232971191,46672
data/inst_tuning/heur043_n_300_m_12914.txt,.80,.60,15,1,0.45101189613342285,40960
data/inst_tuning/heur043_n_300_m_12914.txt,.80,.60,30,1,0.43772292137145996,39697
data/inst_tuning/heur043_n_300_m_12914.txt,.80,.80,3,1,7.260401964187622,56086
data/inst_tuning/heur043_n_300_m_12914.txt,.80,.80,6,1,0.9951992034912109,46897
data/inst_tuning/heur043_n_300_m_12914.txt,.80,.80,15,1,0.46290087699890137,41220
data/inst_tuning/heur043_n_300_m_12914.txt,.80,.80,30,1,0.49445080757141113,39188
data/inst_tuning/heur043_n_300_m_12914.txt,.80,1.00,3,1,7.4063920974731445,49443
data/inst_tuning/heur043_n_300_m_12914.txt,.80,1.00,6,1,1.7084522247314453,40726
data/inst_tuning/heur043_n_300_m_12914.txt,.80,1.00,15,1,0.4934828281402588,35218
data/inst_tuning/heur043_n_300_m_12914.txt,.80,1.00,30,1,0.5168280601501465,32108
data/inst_tuning/heur043_n_300_m_12914.txt,1.00,.60,3,1,7.370304822921753,55698
data/inst_tuning/heur043_n_300_m_12914.txt,1.00,.60,6,1,0.8818600177764893,46723
data/inst_tuning/heur043_n_300_m_12914.txt,1.00,.60,15,1,0.3873560428619385,40543
data/inst_tuning/heur043_n_300_m_12914.txt,1.00,.60,30,1,0.4418919086456299,39976
data/inst_tuning/heur043_n_300_m_12914.txt,1.00,.80,3,1,8.972918033599854,56138
data/inst_tuning/heur043_n_300_m_12914.txt,1.00,.80,6,1,0.8816430568695068,46062
data/inst_tuning/heur043_n_300_m_12914.txt,1.00,.80,15,1,0.40639519691467285,40997
data/inst_tuning/heur043_n_300_m_12914.txt,1.00,.80,30,1,0.43825364112854004,39378
data/inst_tuning/heur043_n_300_m_12914.txt,1.00,1.00,3,1,31.29555583000183,56082
data/inst_tuning/heur043_n_300_m_12914.txt,1.00,1.00,6,1,4.157283067703247,43449
data/inst_tuning/heur043_n_300_m_12914.txt,1.00,1.00,15,1,0.7780318260192871,34707
data/inst_tuning/heur043_n_300_m_12914.txt,1.00,1.00,30,1,0.6452469825744629,33412
data/inst_tuning/heur058_n_300_m_4010.txt,.60,.60,3,1,12.29660415649414,45250
data/inst_tuning/heur058_n_300_m_4010.txt,.60,.60,6,1,1.1314339637756348,27486
data/inst_tuning/heur058_n_300_m_4010.txt,.60,.60,15,1,0.3669900894165039,15647
data/inst_tuning/heur058_n_300_m_4010.txt,.60,.60,30,1,0.4150378704071045,11370
data/inst_tuning/heur058_n_300_m_4010.txt,.60,.80,3,1,11.225790977478027,45487
data/inst_tuning/heur058_n_300_m_4010.txt,.60,.80,6,1,1.3890769481658936,28164
data/inst_tuning/heur058_n_300_m_4010.txt,.60,.80,15,1,0.42752504348754883,16984
data/inst_tuning/heur058_n_300_m_4010.txt,.60,.80,30,1,0.482269287109375,13529
data/inst_tuning/heur058_n_300_m_4010.txt,.60,1.00,3,1,24.953053951263428,46466
data/inst_tuning/heur058_n_300_m_4010.txt,.60,1.00,6,1,3.7866480350494385,26941
data/inst_tuning/heur058_n_300_m_4010.txt,.60,1.00,15,1,0.6677207946777344,18007
data/inst_tuning/heur058_n_300_m_4010.txt,.60,1.00,30,1,0.5124809741973877,14551
data/inst_tuning/heur058_n_300_m_4010.txt,.80,.60,3,1,11.543079137802124,45032
data/inst_tuning/heur058_n_300_m_4010.txt,.80,.60,6,1,1.1377677917480469,27331
data/inst_tuning/heur058_n_300_m_4010.txt,.80,.60,15,1,0.3620009422302246,16176
data/inst_tuning/heur058_n_300_m_4010.txt,.80,.60,30,1,0.45627498626708984,13471
data/inst_tuning/heur058_n_300_m_4010.txt,.80,.80,3,1,11.66469407081604,45486
data/inst_tuning/heur058_n_300_m_4010.txt,.80,.80,6,1,1.0611627101898193,27534
data/inst_tuning/heur058_n_300_m_4010.txt,.80,.80,15,1,0.3779890537261963,17007
data/inst_tuning/heur058_n_300_m_4010.txt,.80,.80,30,1,0.4735238552093506,12890
data/inst_tuning/heur058_n_300_m_4010.txt,.80,1.00,3,1,32.9157178401947,44207
data/inst_tuning/heur058_n_300_m_4010.txt,.80,1.00,6,1,3.1533279418945312,29052
data/inst_tuning/heur058_n_300_m_4010.txt,.80,1.00,15,1,1.4255480766296387,19543
data/inst_tuning/heur058_n_300_m_4010.txt,.80,1.00,30,1,0.6365749835968018,13937
data/inst_tuning/heur058_n_300_m_4010.txt,1.00,.60,3,1,11.252893924713135,45352
data/inst_tuning/heur058_n_300_m_4010.txt,1.00,.60,6,1,1.2724077701568604,27877
data/inst_tuning/heur058_n_300_m_4010.txt,1.00,.60,15,1,0.38140082359313965,14887
data/inst_tuning/heur058_n_300_m_4010.txt,1.00,.60,30,1,0.39726686477661133,10568
data/inst_tuning/heur058_n_300_m_4010.txt,1.00,.80,3,1,11.144954919815063,45187
data/inst_tuning/heur058_n_300_m_4010.txt,1.00,.80,6,1,1.1420941352844238,27653
data/inst_tuning/heur058_n_300_m_4010.txt,1.00,.80,15,1,0.3808917999267578,16879
data/inst_tuning/heur058_n_300_m_4010.txt,1.00,.80,30,1,0.43416500091552734,13367
data/inst_tuning/heur058_n_300_m_4010.txt,1.00,1.00,3,1,26.78697395324707,46705
data/inst_tuning/heur058_n_300_m_4010.txt,1.00,1.00,6,1,9.84214997291565,34181
data/inst_tuning/heur058_n_300_m_4010.txt,1.00,1.00,15,1,1.4175302982330322,19312
data/inst_tuning/heur058_n_300_m_4010.txt,1.00,1.00,30,1,0.6660709381103516,15117
data/inst_tuning/heur044_n_300_m_3234.txt,.60,.60,3,1,11.756749153137207,42641
data/inst_tuning/heur044_n_300_m_3234.txt,.60,.60,6,1,1.2079789638519287,24954
data/inst_tuning/heur044_n_300_m_3234.txt,.60,.60,15,1,0.3734312057495117,12452
data/inst_tuning/heur044_n_300_m_3234.txt,.60,.60,30,1,0.40398287773132324,8226
data/inst_tuning/heur044_n_300_m_3234.txt,.60,.80,3,1,12.711308002471924,43930
data/inst_tuning/heur044_n_300_m_3234.txt,.60,.80,6,1,1.3930599689483643,25824
data/inst_tuning/heur044_n_300_m_3234.txt,.60,.80,15,1,0.39468884468078613,13965
data/inst_tuning/heur044_n_300_m_3234.txt,.60,.80,30,1,0.4770631790161133,10066
data/inst_tuning/heur044_n_300_m_3234.txt,.60,1.00,3,1,17.58931303024292,43140
data/inst_tuning/heur044_n_300_m_3234.txt,.60,1.00,6,1,2.7480580806732178,22630
data/inst_tuning/heur044_n_300_m_3234.txt,.60,1.00,15,1,0.7473769187927246,15201
data/inst_tuning/heur044_n_300_m_3234.txt,.60,1.00,30,1,0.5352768898010254,10758
data/inst_tuning/heur044_n_300_m_3234.txt,.80,.60,3,1,13.574321746826172,44197
data/inst_tuning/heur044_n_300_m_3234.txt,.80,.60,6,1,1.3264408111572266,25354
data/inst_tuning/heur044_n_300_m_3234.txt,.80,.60,15,1,0.34133291244506836,12461
data/inst_tuning/heur044_n_300_m_3234.txt,.80,.60,30,1,0.4204709529876709,9759
data/inst_tuning/heur044_n_300_m_3234.txt,.80,.80,3,1,16.128920078277588,44828
data/inst_tuning/heur044_n_300_m_3234.txt,.80,.80,6,1,1.109853982925415,25119
data/inst_tuning/heur044_n_300_m_3234.txt,.80,.80,15,1,0.38629984855651855,13812
data/inst_tuning/heur044_n_300_m_3234.txt,.80,.80,30,1,0.4713120460510254,10827
data/inst_tuning/heur044_n_300_m_3234.txt,.80,1.00,3,1,17.17695689201355,43515
data/inst_tuning/heur044_n_300_m_3234.txt,.80,1.00,6,1,2.7961578369140625,24753
data/inst_tuning/heur044_n_300_m_3234.txt,.80,1.00,15,1,0.5923001766204834,14945
data/inst_tuning/heur044_n_300_m_3234.txt,.80,1.00,30,1,0.38110995292663574,9933
data/inst_tuning/heur044_n_300_m_3234.txt,1.00,.60,3,1,12.432377099990845,43856
data/inst_tuning/heur044_n_300_m_3234.txt,1.00,.60,6,1,1.2213311195373535,24964
data/inst_tuning/heur044_n_300_m_3234.txt,1.00,.60,15,1,0.33879876136779785,12328
data/inst_tuning/heur044_n_300_m_3234.txt,1.00,.60,30,1,0.39374375343322754,8898
data/inst_tuning/heur044_n_300_m_3234.txt,1.00,.80,3,1,13.0692138671875,44107
data/inst_tuning/heur044_n_300_m_3234.txt,1.00,.80,6,1,1.3853058815002441,25456
data/inst_tuning/heur044_n_300_m_3234.txt,1.00,.80,15,1,0.3841369152069092,13191
data/inst_tuning/heur044_n_300_m_3234.txt,1.00,.80,30,1,0.447343111038208,9989
data/inst_tuning/heur044_n_300_m_3234.txt,1.00,1.00,3,1,17.49760103225708,40589
data/inst_tuning/heur044_n_300_m_3234.txt,1.00,1.00,6,1,3.319648027420044,24174
data/inst_tuning/heur044_n_300_m_3234.txt,1.00,1.00,15,1,0.8742079734802246,15986
data/inst_tuning/heur044_n_300_m_3234.txt,1.00,1.00,30,1,0.5219912528991699,11142
data/inst_tuning/heur046_n_300_m_13150.txt,.60,.60,3,1,6.640375137329102,56198
data/inst_tuning/heur046_n_300_m_13150.txt,.60,.60,6,1,0.8357508182525635,46753
data/inst_tuning/heur046_n_300_m_13150.txt,.60,.60,15,1,0.39995503425598145,41485
data/inst_tuning/heur046_n_300_m_13150.txt,.60,.60,30,1,0.4792962074279785,38985
data/inst_tuning/heur046_n_300_m_13150.txt,.60,.80,3,1,8.552088975906372,55622
data/inst_tuning/heur046_n_300_m_13150.txt,.60,.80,6,1,0.9150731563568115,47177
data/inst_tuning/heur046_n_300_m_13150.txt,.60,.80,15,1,0.416262149810791,41366
data/inst_tuning/heur046_n_300_m_13150.txt,.60,.80,30,1,0.5028870105743408,39543
data/inst_tuning/heur046_n_300_m_13150.txt,.60,1.00,3,1,31.387639045715332,52946
data/inst_tuning/heur046_n_300_m_13150.txt,.60,1.00,6,1,2.706566095352173,42541
data/inst_tuning/heur046_n_300_m_13150.txt,.60,1.00,15,1,0.7161819934844971,39811
data/inst_tuning/heur046_n_300_m_13150.txt,.60,1.00,30,1,0.38134312629699707,36029
data/inst_tuning/heur046_n_300_m_13150.txt,.80,.60,3,1,8.153033971786499,56688
data/inst_tuning/heur046_n_300_m_13150.txt,.80,.60,6,1,0.9282379150390625,46746
data/inst_tuning/heur046_n_300_m_13150.txt,.80,.60,15,1,0.4080986976623535,41269
data/inst_tuning/heur046_n_300_m_13150.txt,.80,.60,30,1,0.47518301010131836,38718
data/inst_tuning/heur046_n_300_m_13150.txt,.80,.80,3,1,7.171444892883301,56019
data/inst_tuning/heur046_n_300_m_13150.txt,.80,.80,6,1,1.2024641036987305,46675
data/inst_tuning/heur046_n_300_m_13150.txt,.80,.80,15,1,0.43186187744140625,41401
data/inst_tuning/heur046_n_300_m_13150.txt,.80,.80,30,1,0.5060322284698486,39652
data/inst_tuning/heur046_n_300_m_13150.txt,.80,1.00,3,1,21.33057403564453,55132
data/inst_tuning/heur046_n_300_m_13150.txt,.80,1.00,6,1,5.490583896636963,46004
data/inst_tuning/heur046_n_300_m_13150.txt,.80,1.00,15,1,0.7177820205688477,41463
data/inst_tuning/heur046_n_300_m_13150.txt,.80,1.00,30,1,0.4698011875152588,36859
data/inst_tuning/heur046_n_300_m_13150.txt,1.00,.60,3,1,7.3825600147247314,56322
data/inst_tuning/heur046_n_300_m_13150.txt,1.00,.60,6,1,0.9303450584411621,47019
data/inst_tuning/heur046_n_300_m_13150.txt,1.00,.60,15,1,0.40546607971191406,41575
data/inst_tuning/heur046_n_300_m_13150.txt,1.00,.60,30,1,0.4717748165130615,38840
data/inst_tuning/heur046_n_300_m_13150.txt,1.00,.80,3,1,7.79978609085083,56446
data/inst_tuning/heur046_n_300_m_13150.txt,1.00,.80,6,1,1.0396201610565186,47219
data/inst_tuning/heur046_n_300_m_13150.txt,1.00,.80,15,1,0.5393218994140625,41389
data/inst_tuning/heur046_n_300_m_13150.txt,1.00,.80,30,1,0.521414041519165,39256
data/inst_tuning/heur046_n_300_m_13150.txt,1.00,1.00,3,1,20.75294589996338,56222
data/inst_tuning/heur046_n_300_m_13150.txt,1.00,1.00,6,1,4.164965867996216,46249
data/inst_tuning/heur046_n_300_m_13150.txt,1.00,1.00,15,1,1.2555720806121826,42025
data/inst_tuning/heur046_n_300_m_13150.txt,1.00,1.00,30,1,0.77451491355896,38271
data/inst_tuning/heur056_n_300_m_12131.txt,.60,.60,3,1,7.47407078742981,53713
data/inst_tuning/heur056_n_300_m_12131.txt,.60,.60,6,1,0.8474478721618652,43436
data/inst_tuning/heur056_n_300_m_12131.txt,.60,.60,15,1,0.3737812042236328,37661
data/inst_tuning/heur056_n_300_m_12131.txt,.60,.60,30,1,0.36582112312316895,35224
data/inst_tuning/heur056_n_300_m_12131.txt,.60,.80,3,1,8.966753005981445,53259
data/inst_tuning/heur056_n_300_m_12131.txt,.60,.80,6,1,0.8371090888977051,43132
data/inst_tuning/heur056_n_300_m_12131.txt,.60,.80,15,1,0.4239170551300049,37641
data/inst_tuning/heur056_n_300_m_12131.txt,.60,.80,30,1,0.39163804054260254,37364
data/inst_tuning/heur056_n_300_m_12131.txt,.60,1.00,3,1,12.252793788909912,54412
data/inst_tuning/heur056_n_300_m_12131.txt,.60,1.00,6,1,1.3736188411712646,25221
data/inst_tuning/heur056_n_300_m_12131.txt,.60,1.00,15,1,0.22787904739379883,26334
data/inst_tuning/heur056_n_300_m_12131.txt,.60,1.00,30,1,0.3215947151184082,26307
data/inst_tuning/heur056_n_300_m_12131.txt,.80,.60,3,1,7.3769237995147705,53307
data/inst_tuning/heur056_n_300_m_12131.txt,.80,.60,6,1,1.0963740348815918,44054
data/inst_tuning/heur056_n_300_m_12131.txt,.80,.60,15,1,0.4004638195037842,38872
data/inst_tuning/heur056_n_300_m_12131.txt,.80,.60,30,1,0.3943471908569336,38466
data/inst_tuning/heur056_n_300_m_12131.txt,.80,.80,3,1,7.468733072280884,53143
data/inst_tuning/heur056_n_300_m_12131.txt,.80,.80,6,1,0.8748800754547119,43077
data/inst_tuning/heur056_n_300_m_12131.txt,.80,.80,15,1,0.458759069442749,38861
data/inst_tuning/heur056_n_300_m_12131.txt,.80,.80,30,1,0.3998527526855469,36131
data/inst_tuning/heur056_n_300_m_12131.txt,.80,1.00,3,1,20.318631172180176,56341
data/inst_tuning/heur056_n_300_m_12131.txt,.80,1.00,6,1,1.8330538272857666,31785
data/inst_tuning/heur056_n_300_m_12131.txt,.80,1.00,15,1,1.040328025817871,31154
data/inst_tuning/heur056_n_300_m_12131.txt,.80,1.00,30,1,0.8863458633422852,31734
data/inst_tuning/heur056_n_300_m_12131.txt,1.00,.60,3,1,7.37183403968811,53694
data/inst_tuning/heur056_n_300_m_12131.txt,1.00,.60,6,1,0.8871669769287109,43291
data/inst_tuning/heur056_n_300_m_12131.txt,1.00,.60,15,1,0.42999720573425293,39316
data/inst_tuning/heur056_n_300_m_12131.txt,1.00,.60,30,1,0.4442570209503174,39332
data/inst_tuning/heur056_n_300_m_12131.txt,1.00,.80,3,1,7.027247905731201,53110
data/inst_tuning/heur056_n_300_m_12131.txt,1.00,.80,6,1,0.9674420356750488,43286
data/inst_tuning/heur056_n_300_m_12131.txt,1.00,.80,15,1,0.4280989170074463,39157
data/inst_tuning/heur056_n_300_m_12131.txt,1.00,.80,30,1,0.43028807640075684,39147
data/inst_tuning/heur056_n_300_m_12131.txt,1.00,1.00,3,1,7.367900133132935,36710
data/inst_tuning/heur056_n_300_m_12131.txt,1.00,1.00,6,1,1.1164569854736328,29616
data/inst_tuning/heur056_n_300_m_12131.txt,1.00,1.00,15,1,0.7677702903747559,29781
data/inst_tuning/heur056_n_300_m_12131.txt,1.00,1.00,30,1,0.7823097705841064,29781
data/inst_tuning/heur057_n_300_m_2109.txt,.60,.60,3,1,12.468628883361816,44984
data/inst_tuning/heur057_n_300_m_2109.txt,.60,.60,6,1,1.145988941192627,24452
data/inst_tuning/heur057_n_300_m_2109.txt,.60,.60,15,1,0.2986629009246826,9056
data/inst_tuning/heur057_n_300_m_2109.txt,.60,.60,30,1,0.34761881828308105,6683
data/inst_tuning/heur057_n_300_m_2109.txt,.60,.80,3,1,11.314005851745605,44646
data/inst_tuning/heur057_n_300_m_2109.txt,.60,.80,6,1,1.4244170188903809,25453
data/inst_tuning/heur057_n_300_m_2109.txt,.60,.80,15,1,0.3815910816192627,12536
data/inst_tuning/heur057_n_300_m_2109.txt,.60,.80,30,1,0.4783487319946289,9482
data/inst_tuning/heur057_n_300_m_2109.txt,.60,1.00,3,1,18.940542936325073,45261
data/inst_tuning/heur057_n_300_m_2109.txt,.60,1.00,6,1,4.381101131439209,27322
data/inst_tuning/heur057_n_300_m_2109.txt,.60,1.00,15,1,0.6082990169525146,14761
data/inst_tuning/heur057_n_300_m_2109.txt,.60,1.00,30,1,0.5961792469024658,11859
data/inst_tuning/heur057_n_300_m_2109.txt,.80,.60,3,1,11.906734704971313,45052
data/inst_tuning/heur057_n_300_m_2109.txt,.80,.60,6,1,1.3548800945281982,24987
data/inst_tuning/heur057_n_300_m_2109.txt,.80,.60,15,1,0.3189551830291748,9317
data/inst_tuning/heur057_n_300_m_2109.txt,.80,.60,30,1,0.3728787899017334,6953
data/inst_tuning/heur057_n_300_m_2109.txt,.80,.80,3,1,13.999304056167603,45215
data/inst_tuning/heur057_n_300_m_2109.txt,.80,.80,6,1,1.2717702388763428,25260
data/inst_tuning/heur057_n_300_m_2109.txt,.80,.80,15,1,0.3715550899505615,11049
data/inst_tuning/heur057_n_300_m_2109.txt,.80,.80,30,1,0.48845911026000977,8613
data/inst_tuning/heur057_n_300_m_2109.txt,.80,1.00,3,1,29.55441904067993,45908
data/inst_tuning/heur057_n_300_m_2109.txt,.80,1.00,6,1,6.524526119232178,27648
data/inst_tuning/heur057_n_300_m_2109.txt,.80,1.00,15,1,1.4564061164855957,16758
data/inst_tuning/heur057_n_300_m_2109.txt,.80,1.00,30,1,0.6260101795196533,11426
data/inst_tuning/heur057_n_300_m_2109.txt,1.00,.60,3,1,11.753196001052856,44481
data/inst_tuning/heur057_n_300_m_2109.txt,1.00,.60,6,1,1.4828710556030273,25697
data/inst_tuning/heur057_n_300_m_2109.txt,1.00,.60,15,1,0.3086562156677246,10804
data/inst_tuning/heur057_n_300_m_2109.txt,1.00,.60,30,1,0.3794131278991699,6614
data/inst_tuning/heur057_n_300_m_2109.txt,1.00,.80,3,1,11.898128747940063,44094
data/inst_tuning/heur057_n_300_m_2109.txt,1.00,.80,6,1,1.169783115386963,24526
data/inst_tuning/heur057_n_300_m_2109.txt,1.00,.80,15,1,0.33860182762145996,11744
data/inst_tuning/heur057_n_300_m_2109.txt,1.00,.80,30,1,0.4453392028808594,8580
data/inst_tuning/heur057_n_300_m_2109.txt,1.00,1.00,3,1,32.247119188308716,46125
data/inst_tuning/heur057_n_300_m_2109.txt,1.00,1.00,6,1,7.603569030761719,27344
data/inst_tuning/heur057_n_300_m_2109.txt,1.00,1.00,15,1,1.5384650230407715,16711
data/inst_tuning/heur057_n_300_m_2109.txt,1.00,1.00,30,1,0.7539300918579102,11819
data/inst_tuning/heur042_n_300_m_5764.txt,.60,.60,3,1,9.967775821685791,47274
data/inst_tuning/heur042_n_300_m_5764.txt,.60,.60,6,1,1.4277939796447754,31676
data/inst_tuning/heur042_n_300_m_5764.txt,.60,.60,15,1,0.40598487854003906,21802
data/inst_tuning/heur042_n_300_m_5764.txt,.60,.60,30,1,0.45191383361816406,18340
data/inst_tuning/heur042_n_300_m_5764.txt,.60,.80,3,1,10.911545753479004,46909
data/inst_tuning/heur042_n_300_m_5764.txt,.60,.80,6,1,1.2552719116210938,31288
data/inst_tuning/heur042_n_300_m_5764.txt,.60,.80,15,1,0.4333322048187256,21524
data/inst_tuning/heur042_n_300_m_5764.txt,.60,.80,30,1,0.48817992210388184,17612
data/inst_tuning/heur042_n_300_m_5764.txt,.60,1.00,3,1,17.21247100830078,43530
data/inst_tuning/heur042_n_300_m_5764.txt,.60,1.00,6,1,4.116940975189209,18004
data/inst_tuning/heur042_n_300_m_5764.txt,.60,1.00,15,1,0.5259950160980225,10377
data/inst_tuning/heur042_n_300_m_5764.txt,.60,1.00,30,1,0.2953989505767822,11131
data/inst_tuning/heur042_n_300_m_5764.txt,.80,.60,3,1,10.585009336471558,47567
data/inst_tuning/heur042_n_300_m_5764.txt,.80,.60,6,1,1.1143901348114014,30806
data/inst_tuning/heur042_n_300_m_5764.txt,.80,.60,15,1,0.3908040523529053,21415
data/inst_tuning/heur042_n_300_m_5764.txt,.80,.60,30,1,0.46155714988708496,17790
data/inst_tuning/heur042_n_300_m_5764.txt,.80,.80,3,1,10.113909006118774,47425
data/inst_tuning/heur042_n_300_m_5764.txt,.80,.80,6,1,1.1713850498199463,31217
data/inst_tuning/heur042_n_300_m_5764.txt,.80,.80,15,1,0.37924623489379883,21309
data/inst_tuning/heur042_n_300_m_5764.txt,.80,.80,30,1,0.4650280475616455,18141
data/inst_tuning/heur042_n_300_m_5764.txt,.80,1.00,3,1,12.595196008682251,42384
data/inst_tuning/heur042_n_300_m_5764.txt,.80,1.00,6,1,2.128960132598877,24662
data/inst_tuning/heur042_n_300_m_5764.txt,.80,1.00,15,1,0.6415047645568848,9719
data/inst_tuning/heur042_n_300_m_5764.txt,.80,1.00,30,1,0.40659308433532715,6472
data/inst_tuning/heur042_n_300_m_5764.txt,1.00,.60,3,1,11.407145977020264,46927
data/inst_tuning/heur042_n_300_m_5764.txt,1.00,.60,6,1,1.1486611366271973,31585
data/inst_tuning/heur042_n_300_m_5764.txt,1.00,.60,15,1,0.3987548351287842,21165
data/inst_tuning/heur042_n_300_m_5764.txt,1.00,.60,30,1,0.4676990509033203,17872
data/inst_tuning/heur042_n_300_m_5764.txt,1.00,.80,3,1,11.936454772949219,47391
data/inst_tuning/heur042_n_300_m_5764.txt,1.00,.80,6,1,1.1242187023162842,31233
data/inst_tuning/heur042_n_300_m_5764.txt,1.00,.80,15,1,0.3742489814758301,21075
data/inst_tuning/heur042_n_300_m_5764.txt,1.00,.80,30,1,0.4841940402984619,18523
data/inst_tuning/heur042_n_300_m_5764.txt,1.00,1.00,3,1,17.64450216293335,44034
data/inst_tuning/heur042_n_300_m_5764.txt,1.00,1.00,6,1,2.902397871017456,24460
data/inst_tuning/heur042_n_300_m_5764.txt,1.00,1.00,15,1,0.361191987991333,13292
data/inst_tuning/heur042_n_300_m_5764.txt,1.00,1.00,30,1,0.3380448818206787,9942
data/inst_tuning/heur041_n_300_m_17492.txt,.60,.60,3,1,5.352536916732788,58856
data/inst_tuning/heur041_n_300_m_17492.txt,.60,.60,6,1,0.7232849597930908,54397
data/inst_tuning/heur041_n_300_m_17492.txt,.60,.60,15,1,0.3941340446472168,52001
data/inst_tuning/heur041_n_300_m_17492.txt,.60,.60,30,1,0.3773801326751709,52132
data/inst_tuning/heur041_n_300_m_17492.txt,.60,.80,3,1,5.500555992126465,60454
data/inst_tuning/heur041_n_300_m_17492.txt,.60,.80,6,1,0.7576758861541748,55060
data/inst_tuning/heur041_n_300_m_17492.txt,.60,.80,15,1,0.44912004470825195,52018
data/inst_tuning/heur041_n_300_m_17492.txt,.60,.80,30,1,0.4430418014526367,51894
data/inst_tuning/heur041_n_300_m_17492.txt,.60,1.00,3,1,11.87624478340149,40956
data/inst_tuning/heur041_n_300_m_17492.txt,.60,1.00,6,1,0.9255731105804443,38556
data/inst_tuning/heur041_n_300_m_17492.txt,.60,1.00,15,1,0.434844970703125,37277
data/inst_tuning/heur041_n_300_m_17492.txt,.60,1.00,30,1,0.28675007820129395,40170
data/inst_tuning/heur041_n_300_m_17492.txt,.80,.60,3,1,5.03154182434082,59337
data/inst_tuning/heur041_n_300_m_17492.txt,.80,.60,6,1,1.010073184967041,54498
data/inst_tuning/heur041_n_300_m_17492.txt,.80,.60,15,1,0.40658092498779297,51353
data/inst_tuning/heur041_n_300_m_17492.txt,.80,.60,30,1,0.38971590995788574,51830
data/inst_tuning/heur041_n_300_m_17492.txt,.80,.80,3,1,5.592601299285889,59449
data/inst_tuning/heur041_n_300_m_17492.txt,.80,.80,6,1,0.7446267604827881,54671
data/inst_tuning/heur041_n_300_m_17492.txt,.80,.80,15,1,0.36751294136047363,52581
data/inst_tuning/heur041_n_300_m_17492.txt,.80,.80,30,1,0.3932161331176758,52538
data/inst_tuning/heur041_n_300_m_17492.txt,.80,1.00,3,1,8.896689176559448,48348
data/inst_tuning/heur041_n_300_m_17492.txt,.80,1.00,6,1,0.801426887512207,43965
data/inst_tuning/heur041_n_300_m_17492.txt,.80,1.00,15,1,0.3807210922241211,38310
data/inst_tuning/heur041_n_300_m_17492.txt,.80,1.00,30,1,0.31431102752685547,39773
data/inst_tuning/heur041_n_300_m_17492.txt,1.00,.60,3,1,5.44012713432312,60199
data/inst_tuning/heur041_n_300_m_17492.txt,1.00,.60,6,1,0.7222418785095215,54274
data/inst_tuning/heur041_n_300_m_17492.txt,1.00,.60,15,1,0.40482211112976074,51291
data/inst_tuning/heur041_n_300_m_17492.txt,1.00,.60,30,1,0.41330409049987793,51842
data/inst_tuning/heur041_n_300_m_17492.txt,1.00,.80,3,1,5.232189893722534,59697
data/inst_tuning/heur041_n_300_m_17492.txt,1.00,.80,6,1,0.799022912979126,55074
data/inst_tuning/heur041_n_300_m_17492.txt,1.00,.80,15,1,0.4054710865020752,52012
data/inst_tuning/heur041_n_300_m_17492.txt,1.00,.80,30,1,0.40129780769348145,52402
data/inst_tuning/heur041_n_300_m_17492.txt,1.00,1.00,3,1,4.0748207569122314,32932
data/inst_tuning/heur041_n_300_m_17492.txt,1.00,1.00,6,1,3.4686429500579834,33125
data/inst_tuning/heur041_n_300_m_17492.txt,1.00,1.00,15,1,1.8052809238433838,30446
data/inst_tuning/heur041_n_300_m_17492.txt,1.00,1.00,30,1,2.063598871231079,30446
